id,group,year,authors,title,venue,pdf_url,page_url,feeds,why_read
A01,PQ-TLS deployment measurement,2026,"Wickramasinghe, Li, Jha, Shaghaghi",Mind the Gap: Policy vs Reality in Post-Quantum TLS Deployment,ACM IMC 2026 (arXiv:2607.29005),https://arxiv.org/pdf/2607.29005,https://arxiv.org/abs/2607.29005,"G4, G8, G11",The closest prior work: server-side PQ-TLS from 11 cloud vantage points; explicitly excludes mobile apps and custom API endpoints.
A02,PQ-TLS deployment measurement,2026,"Dubey, Varshney",Measurement Study of Post-Quantum Readiness of Internet: 2026,arXiv:2606.16473,https://arxiv.org/pdf/2606.16473,https://arxiv.org/abs/2606.16473,"G4, G8",Internet-scale server scan of TLS versions and PQ groups; a second baseline to contrast app API hosts with.
A03,PQ-TLS deployment measurement,2026,"Loizou, Ghadafi",Measuring Post-Quantum TLS Deployment Across UK Internet Sectors,arXiv:2608.02147,https://arxiv.org/pdf/2608.02147,https://arxiv.org/abs/2608.02147,"G4, G8",Sector-level (finance/government) PQ-TLS scan of one country: the design N1 mirrors for Bangladesh.
A04,PQ-TLS deployment measurement,2026,"Mallick, Kundu, Kompella",Study of Post Quantum status of Widely Used Protocols,arXiv:2603.28728,https://arxiv.org/pdf/2603.28728,https://arxiv.org/abs/2603.28728,"G1, G4",PQ status of protocol libraries and implementations beyond the web (SSH/TLS/VPN etc.).
A05,PQ-TLS deployment measurement,2026,"Balaji, Varshney, Ravi, Jain, Foe, Seet et al.",Operationalising Post Quantum TLS: Automated Configuration Profiling and Hybrid PQC Deployment in Financial Infrastructure,arXiv:2605.17955 (ePrint 2026/959),https://arxiv.org/pdf/2605.17955,https://arxiv.org/abs/2605.17955,"G4, G8, G11",PQ-TLS profiling of financial-sector infrastructure; closest sector match to N1.
A06,PQ-TLS deployment measurement,2019,"Kwiatkowski, Sullivan, Langley, Levin, Mislove",Measuring TLS key exchange with post-quantum KEM,2nd NIST PQC Standardization Conference 2019,https://csrc.nist.gov/CSRC/media/Events/Second-PQC-Standardization-Conference/documents/accepted-papers/kwiatkowski-measuring-tls.pdf,https://csrc.nist.gov/Events/2019/second-pqc-standardization-conference,"G10, G11",The Cloudflare + Google CECPQ2 field experiment: real-client latency of PQ key exchange incl. mobile/slow connections.
A07,PQ-TLS deployment measurement,2019,"Holz, Amann, Razaghpanah, Vallina-Rodriguez",The Era of TLS 1.3: Measuring Deployment and Use with Active and Passive Methods,arXiv:1907.12762,https://arxiv.org/pdf/1907.12762,https://arxiv.org/abs/1907.12762,"G1, G4",How a new TLS feature diffuses: active scans + passive uplink + Android app (Lumen) data combined. Method template for N1.
A08,PQ-TLS deployment measurement,2026,"Ibrahim, Ajith, Haroon",Detecting Post-Quantum and Hybrid TLS Deployments via Raw TLS Record Inspection,IACR ePrint 2026/834,https://web.archive.org/web/2024id_/https://eprint.iacr.org/2026/834.pdf,https://eprint.iacr.org/2026/834,"G4, G8",Byte-level ServerHello key_share parsing to classify CLASSICAL/HYBRID/PQC; shows config audits miss app-vs-transport mismatches. Same idea as n1_tools.py pcap.
A09,PQ-TLS deployment measurement,2025,"Cho, Hyoung, Kim, Sim, Chattopadhyay, Seo, Kim",Toward Crypto Agility: Automated Analysis of Quantum-Vulnerable TLS via Packet Inspection,IACR ePrint 2025/1549,https://web.archive.org/web/2024id_/https://eprint.iacr.org/2025/1549.pdf,https://eprint.iacr.org/2025/1549,"G4, G15",Packet-capture pipeline that flags quantum-vulnerable key exchange and certificates (incl. encrypted TLS 1.3 certs); domestic (Korea) vs international comparison.
B01,Mobile app TLS and finance apps,2023,"Mankowski, Wiggers, Moonsamy",TLS → Post-Quantum TLS: Inspecting the TLS landscape for PQC adoption on Android,EuroS&P Workshops 2023,https://thomwiggers.nl/publication/tls-on-android/tls-on-android.pdf,https://thomwiggers.nl/publication/tls-on-android/,"G1, G4, G11",The only prior PQ-focused Android app TLS capture study (90 apps; before PQ deployment). Pipeline to copy and numbers to compare.
B02,Mobile app TLS and finance apps,2022,"Pradeep, Paracha, Bhowmick, Davanian, Razaghpanah, Chung et al.",A Comparative Analysis of Certificate Pinning in Android & iOS,ACM IMC 2022,https://www.cs.umd.edu/~dml/papers/cert_pinning_imc22.pdf,https://dl.acm.org/doi/10.1145/3517745.3561439,"G3, G9",Pinning prevalence and cross-platform consistency; finance apps pin most; method for G9.
B03,Mobile app TLS and finance apps,2025,"Strauss, Upadhyay, Siddique, Baggili, Farooq",Assessing and Enhancing Quantum Readiness in Mobile Apps,IEEE S&P 2025 Poster (arXiv:2506.00790),https://arxiv.org/pdf/2506.00790,https://arxiv.org/abs/2506.00790,G6,Static scan of quantum-vulnerable crypto API use in 4k apps; no transport layer.
B04,Mobile app TLS and finance apps,2017,"Razaghpanah, Niaki, Vallina-Rodriguez, Sundaresan, Amann, Gill",Studying TLS Usage in Android Apps,ACM CoNEXT 2017,https://people.cs.umass.edu/~phillipa/papers/conext2017_tls_paper.pdf,https://dl.acm.org/doi/10.1145/3143361.3143400,"G1, G3, G5",ClientHello fingerprinting to attribute app TLS to OS/library/SDK: the attribution method G1/G5 need.
B05,Mobile app TLS and finance apps,2021,"Oltrogge, Huaman, Amft, Acar, Backes, Fahl",Why Eve and Mallory Still Love Android: Revisiting TLS (In)Security in Android Applications,USENIX Security 2021,https://www.usenix.org/system/files/sec21-oltrogge.pdf,https://www.usenix.org/conference/usenixsecurity21/presentation/oltrogge,"G1, G9",Network Security Configuration (NSC) adoption and misuse across 1.3M apps; how platform defaults actually reach apps.
B06,Mobile app TLS and finance apps,2015,"Reaves, Scaife, Bates, Traynor, Butler","Mo(bile) Money, Mo(bile) Problems: Analysis of Branchless Banking Applications in the Developing World",USENIX Security 2015,https://www.usenix.org/system/files/conference/usenixsecurity15/sec15-paper-reaves-mobile_0.pdf,https://www.usenix.org/conference/usenixsecurity15/technical-sessions/presentation/reaves,"G4, G6",Mobile-money apps in developing countries: broken TLS validation and DIY crypto. The developing-country framing N1 extends.
B07,Mobile app TLS and finance apps,2024,"Mickey, Yanhaona",An investigation of the Online Payment and Banking System Apps in Bangladesh,arXiv:2407.07766,https://arxiv.org/pdf/2407.07766,https://arxiv.org/abs/2407.07766,"G4, G6, G9",The only security study of Bangladeshi payment/banking apps (17 APKs + SDK). Direct local prior work.
B08,Mobile app TLS and finance apps,2026,"Yang, Huang, Fang, Zhang, Guo, Wu et al.",Okara: Detection and Attribution of TLS Man-in-the-Middle Vulnerabilities in Android Apps with Foundation Models,ACISP 2026 (arXiv:2601.22770),https://arxiv.org/pdf/2601.22770,https://arxiv.org/abs/2601.22770,"G5, G6, G12",Newest large-scale Android TLS study; attributes flaws to first-party vs third-party SDK code (G5).
B09,Mobile app TLS and finance apps,2025,"Jimenez-Berenguel, Campo, Moure-Garrido, Garcia-Rubio, Diaz-Sanchez, Almenares",PARROT: Portable Android Reproducible traffic Observation Tool,arXiv:2509.09537,https://arxiv.org/pdf/2509.09537,https://arxiv.org/abs/2509.09537,"G1, G4",Reproducible Android traffic capture with TLS keys; a tooling option for N1's capture campaign.
C01,PQ-TLS performance and cost,2020,"Paquin, Stebila, Tamvada",Benchmarking Post-Quantum Cryptography in TLS,PQCrypto 2020,https://d1kjwivbowugqa.cloudfront.net/files/research/papers/PQCrypto-PaqSteTam20.pdf,https://eprint.iacr.org/2019/1447,"G10, G11",Emulated packet loss/latency vs PQ handshake time; the classic finding that loss hurts big handshakes.
C02,PQ-TLS performance and cost,2020,"Sikeridis, Kampanakis, Devetsikiotis",Post-Quantum Authentication in TLS 1.3: A Performance Study,NDSS 2020,https://www.ndss-symposium.org/wp-content/uploads/2020/02/24203.pdf,https://www.ndss-symposium.org/ndss-paper/post-quantum-authentication-in-tls-1-3-a-performance-study/,"G9, G11",PQ signature/certificate cost in TLS 1.3; TCP initcwnd effects. Needed for the certificate side of the migration.
C03,PQ-TLS performance and cost,2026,"Gomez-Cambronero, Munteanu, Gonzalez-Tablas","Layered Performance Analysis of TLS 1.3 Handshakes: Classical, Hybrid, and Pure Post-Quantum Key Exchange",SPIQE @ EuroS&P 2026 (arXiv:2603.11006),https://arxiv.org/pdf/2603.11006,https://arxiv.org/abs/2603.11006,G11,Newest layer-by-layer cost of X25519 vs X25519MLKEM768 vs ML-KEM handshakes.
C04,PQ-TLS performance and cost,2024,"Kempf, Gauder, Jaeger, Zirngibl, Carle",A Quantum of QUIC: Dissecting Cryptography with Post-Quantum Insights,IFIP Networking 2024 (arXiv:2405.09264),https://arxiv.org/pdf/2405.09264,https://arxiv.org/abs/2405.09264,"G10, G11",PQ cost inside QUIC (45% of mobile traffic); handshake amplification limits.
C05,PQ-TLS performance and cost,2026,"Hoque, Aydeger",Energy-Aware System-Level Evaluation of Post-Quantum TLS on Embedded User Equipment over a Disaggregated 5G Network,arXiv:2607.03988,https://arxiv.org/pdf/2607.03988,https://arxiv.org/abs/2607.03988,G11,Energy and latency of PQ-TLS on user equipment over a real 5G stack: closest to the phone battery question.
C06,PQ-TLS performance and cost,2026,"Chou, Cao",Network Impact of Post-Quantum Certificate Chain sizes on Time to First Byte in TLS Deployments,arXiv:2604.24869,https://arxiv.org/pdf/2604.24869,https://arxiv.org/abs/2604.24869,"G9, G11",What PQ certificate chains will cost when they arrive (O4).
D01,Hybrid key exchange and PQ protocol design,2019,"Bindel, Brendel, Fischlin, Goncalves, Stebila",Hybrid Key Encapsulation Mechanisms and Authenticated Key Exchange,PQCrypto 2019,https://d1kjwivbowugqa.cloudfront.net/files/research/papers/EPRINT-BBFGS18.pdf,https://eprint.iacr.org/2018/903,"M1, M3",Formal security of hybrid KEMs: why reusing or breaking one half (X25519) does not break the session. Grounds RQ-M1c.
D02,Hybrid key exchange and PQ protocol design,2024,"Barbosa, Connolly, Duarte, Kaiser, Schwabe, Varner, Westerbaan",X-Wing: The Hybrid KEM You've Been Looking For,IACR Communications in Cryptology 1(1) 2024,https://cic.iacr.org/p/1/1/21/pdf,https://doi.org/10.62056/a3qj89n4e,"M1, M3",The concrete X25519+ML-KEM-768 combiner and its proof; the design of the defense being measured.
D03,Hybrid key exchange and PQ protocol design,2020,"Schwabe, Stebila, Wiggers",Post-Quantum TLS Without Handshake Signatures (KEMTLS),ACM CCS 2020,https://thomwiggers.nl/publication/kemtls/kemtls.pdf,https://eprint.iacr.org/2020/534,"G9, G11",The alternative TLS design for the PQ authentication step; size/latency comparison.
D04,Hybrid key exchange and PQ protocol design,2024,NIST,FIPS 203: Module-Lattice-Based Key-Encapsulation Mechanism Standard (ML-KEM),NIST FIPS 203 (Aug 2024),https://nvlpubs.nist.gov/nistpubs/FIPS/NIST.FIPS.203.pdf,https://csrc.nist.gov/pubs/fips/203/final,"M3, G11",The defense's primitive. Parameter sets and sizes; the source for a baby ML-KEM in Toy-TLS (M3).
D05,Hybrid key exchange and PQ protocol design,2026,"Gupta, Rana","Transcript-Bound Combiners for Downgrade-Resilient Hybrid Post-Quantum Key Establishment: Definition, Proof, and Embedded-Device Cost",arXiv:2609.21273,https://arxiv.org/pdf/2609.21273,https://arxiv.org/abs/2609.21273,"M1, G10",Newest: downgrade attacks on hybrid negotiation (the HRR / fallback case N1 observes).
E01,HNDL and forward-secrecy shortcuts,2026,"Blanco-Romero, Almenares Mendoza, Garcia Rubio, Campo, Diaz Sanchez","On the Practical Feasibility of Harvest-Now, Decrypt-Later Attacks",arXiv:2603.01091,https://arxiv.org/pdf/2603.01091,https://arxiv.org/abs/2603.01091,"M1, M2, G7, G15",HNDL economics; per-session Shor cost; resumption inheritance. Lab-only: the gap M1 fills.
E02,HNDL and forward-secrecy shortcuts,2016,"Springall, Durumeric, Halderman",Measuring the Security Harm of TLS Crypto Shortcuts,ACM IMC 2016,https://jhalderm.com/pub/papers/forward-secrecy-imc16.pdf,https://dl.acm.org/doi/10.1145/2987443.2987480,M1,Classical measurement of ephemeral-key reuse and ticket-key lifetimes: the method M1 re-runs with a quantum lens.
E03,HNDL and forward-secrecy shortcuts,2023,"Hebrok, Nachtigall, Maehren, Erinola, Merget, Somorovsky, Schwenk",We Really Need to Talk About Session Tickets: A Large-Scale Analysis of Cryptographic Dangers with TLS Session Tickets,USENIX Security 2023,https://www.usenix.org/system/files/usenixsecurity23-hebrok.pdf,https://www.usenix.org/conference/usenixsecurity23/presentation/hebrok,"M1 (d), G15",STEK weaknesses at scale; STEK cipher and reuse (the Grover-on-STEK branch of M1).
E04,HNDL and forward-secrecy shortcuts,2015,"Adrian, Bhargavan, Durumeric, Gaudry, Green, Halderman et al.",Imperfect Forward Secrecy: How Diffie-Hellman Fails in Practice,ACM CCS 2015,https://weakdh.org/imperfect-forward-secrecy-ccs15.pdf,https://weakdh.org/,"M1, M2",Logjam: one precomputation breaks many connections. The classical precedent for amortised attack cost.
E05,HNDL and forward-secrecy shortcuts,2018,"Valenta, Sullivan, Sanso, Heninger",In search of CurveSwap: Measuring elliptic curve implementations in the wild,IEEE EuroS&P 2018,https://web.archive.org/web/2020id_/https://eprint.iacr.org/2018/298.pdf,https://eprint.iacr.org/2018/298,"M5, M1",Internet-wide curve support and key reuse; binary curves are rare (M5 baseline).
E06,HNDL and forward-secrecy shortcuts,2026,"Mosca, Piani",Quantum Threat Timeline Report 2025,Global Risk Institute (Mar 2026),https://globalriskinstitute.org/mp-files/pdf-quantum-threat-timeline-report-2025.pdf/,https://globalriskinstitute.org/publication/quantum-threat-timeline-report-2025b/,"M2, G7",Expert-survey CRQC probabilities by year: the three hardware scenarios for the Mosca deadline.
E07,HNDL and forward-secrecy shortcuts,2026,"Grover, Haile, Pedersen, Uner, Erickson",A Scenario-Based Evaluation of CRQC+AI Vulnerability Spectrum for TLS 1.3 Cryptographic Dependencies,arXiv:2608.23785,https://arxiv.org/pdf/2608.23785,https://arxiv.org/abs/2608.23785,"M2, G15",Maps each TLS 1.3 dependency to a quantum attack scenario; a competitor to M2's price table.
E08,HNDL and forward-secrecy shortcuts,2026,Wilson-Shah,Quantifying quantum risk: a measure of crypto agility,arXiv:2606.17116,https://arxiv.org/pdf/2606.17116,https://arxiv.org/abs/2606.17116,"M2, G7",A quantitative quantum-risk metric; compare with N1's amortisation and data-lifetime metrics.
F01,Shor resource estimates,2017,"Roetteler, Naehrig, Svore, Lauter",Quantum resource estimates for computing elliptic curve discrete logarithms,ASIACRYPT 2017 (arXiv:1706.06752),https://arxiv.org/pdf/1706.06752,https://arxiv.org/abs/1706.06752,"M2, M3",The baseline P-256 Shor circuit (qubits/Toffoli/depth) every later paper improves on.
F02,Shor resource estimates,2020,"Haner, Jaques, Naehrig, Roetteler, Soeken",Improved quantum circuits for elliptic curve discrete logarithms,PQCrypto 2020 (arXiv:2001.09580),https://arxiv.org/pdf/2001.09580,https://arxiv.org/abs/2001.09580,M2,Improved ECDLP circuits with depth/width trade-offs; the table M2 quotes.
F03,Shor resource estimates,2023,Litinski,How to compute a 256-bit elliptic curve private key with only 50 million Toffoli gates,arXiv:2306.08585,https://arxiv.org/pdf/2306.08585,https://arxiv.org/abs/2306.08585,M2,Physical-level cost of 256-bit ECDLP; the per-key price for X25519/P-256.
F04,Shor resource estimates,2021,"Gidney, Ekera",How to factor 2048 bit RSA integers in 8 hours using 20 million noisy qubits,Quantum 5:433 (2021),https://arxiv.org/pdf/1905.09749,https://arxiv.org/abs/1905.09749,"M1 (b), M2",RSA-2048 cost (TLS 1.2 key transport and app-layer RSA) and the ECDLP comparison.
F05,Shor resource estimates,2025,Gidney,How to factor 2048 bit RSA integers with less than a million noisy qubits,arXiv:2505.15917,https://arxiv.org/pdf/2505.15917,https://arxiv.org/abs/2505.15917,"M1 (b), M2",Newest RSA-2048 estimate: under 1M qubits in under a week.
F06,Shor resource estimates,2026,"Babbush, Zalcman, Gidney, Broughton, Khattar, Neven et al.",Securing Elliptic Curve Cryptocurrencies against Quantum Vulnerabilities: Resource Estimates and Mitigations,arXiv:2603.28846,https://arxiv.org/pdf/2603.28846,https://arxiv.org/abs/2603.28846,"M2, G7",Google 2026: 256-bit ECDLP in under 1200 logical qubits / 90M Toffoli; time-to-break per key.
F07,Shor resource estimates,2026,"Cain, Xu, King, Picard, Levine, Endres et al.","Shor's algorithm is possible with as few as 10,000 reconfigurable atomic qubits",arXiv:2603.28627,https://arxiv.org/pdf/2603.28627,https://arxiv.org/abs/2603.28627,"M2, G7",Neutral-atom hardware scenario for ECC-256 and RSA-2048.
F08,Shor resource estimates,2026,"Haner, Tripier, Young, Naehrig, Maksymov, Alam et al.","Computing 256-bit elliptic curve discrete logarithms in 26 days on a fault-tolerant trapped-ion quantum computer with 20,000 qubits",arXiv:2609.05625,https://arxiv.org/pdf/2609.05625,https://arxiv.org/abs/2609.05625,"M1, M2",Trapped-ion scenario: one key per 26 days makes the per-run cost and amortisation (M1) concrete.
F09,Shor resource estimates,2026,"Luo, Yang, Luo, Wang, Su, Sun et al.",Quantum Algorithm for Elliptic Curve Discrete Logarithms with Space-Efficient Point Addition,arXiv:2607.13816,https://arxiv.org/pdf/2607.13816,https://arxiv.org/abs/2607.13816,M2,Newest qubit-minimising ECDLP algorithm.
F10,Shor resource estimates,2025,"Putranto, Wardhani, Kim et al.",Enhancing Quantum Cryptanalysis of Binary Elliptic Curves Through Optimized Out-of-Place Point Addition and ECPM Integration,IEEE Access 2025 (faculty paper),local:../../Papers/Shor based attack_1.pdf,https://doi.org/10.1109/ACCESS.2025.3601565,M5,Faculty paper: binary-curve Shor costs (the curves M5 probes for).
F11,Shor resource estimates,2023,"Taguchi, Takayasu",Concrete Quantum Cryptanalysis of Binary Elliptic Curves via Addition Chain,CT-RSA 2023 (faculty paper),local:../../Papers/Shor based attack_2.pdf,https://doi.org/10.1007/978-3-031-30872-7_3,M5,Faculty paper: inversion via addition chains; binary-curve costs.
F12,Shor resource estimates,2025,Tippeconnic,Breaking a 5-Bit Elliptic Curve Key using a 133-Qubit Quantum Computer,arXiv:2507.10592,https://arxiv.org/pdf/2507.10592,https://arxiv.org/abs/2507.10592,M3,Toy-scale Shor-ECDLP on IBM hardware: the closest existing piece of Toy-TLS.
F13,Shor resource estimates,2025,"Dallaire-Demers, Doyle, Foo",Brace for impact: ECDLP challenges for quantum cryptanalysis,arXiv:2508.14011,https://arxiv.org/pdf/2508.14011,https://arxiv.org/abs/2508.14011,M3,A ladder of small ECDLP challenge curves for benchmarking quantum attacks: toy curves for M3.
G01,Grover and cost accounting,2016,"Grassl, Langenberg, Roetteler, Steinwandt",Applying Grover's algorithm to AES: quantum resource estimates,PQCrypto 2016 (arXiv:1512.04965),https://arxiv.org/pdf/1512.04965,https://arxiv.org/abs/1512.04965,M4,The first AES-128/192/256 Grover circuit costs.
G02,Grover and cost accounting,2020,"Jaques, Naehrig, Roetteler, Virdia",Implementing Grover oracles for quantum key search on AES and LowMC,EUROCRYPT 2020 (arXiv:1910.01700),https://arxiv.org/pdf/1910.01700,https://arxiv.org/abs/1910.01700,"M4, M1 (d)",MAXDEPTH-aware Grover cost for AES: how M4 classifies each session's cipher.
G03,Grover and cost accounting,2025,"Chen, Cai, Gao, Lin",Quantum circuit for implementing AES S-box with low costs,arXiv:2503.06097 (faculty paper),local:../../Papers/Quantum circuit for implementing AES S-box with low costs.pdf,https://arxiv.org/abs/2503.06097,M4,Faculty paper: cheapest AES S-box circuit; updates the AES Grover price.
G04,Grover and cost accounting,2025,"Wang, Zheng, Wu, Wen, Wei, Long",Reducing quantum resources for attacking S-AES on quantum devices,npj Quantum Information 2025 (faculty paper),local:../../Papers/Reducing quantum resources for attacking S-AES on quantum devices.pdf,https://doi.org/10.1038/s41534-025-01106-w,M3,Faculty paper: S-AES Grover oracle (the record cipher of Toy-TLS).
G05,Grover and cost accounting,2024,"Mandal, Anand, Rahman, Sarkar, Isobe",Implementing Grover's on AES-based AEAD schemes,Scientific Reports 2024 (faculty paper),local:../../Papers/Implementing Grover’s  on AES‑based AEAD schemes.pdf,https://doi.org/10.1038/s41598-024-69188-6,"M4, M6",Faculty paper: Grover cost of AEAD modes under MAXDEPTH (TLS records are AEAD).
G06,Grover and cost accounting,2026,"Ulgen, Cildiroglu, Yayla",Quantum circuit realization and Grover cryptanalysis of the hybrid ARX-SPN cipher GFSPX,Physica Scripta 101 (2026) (faculty paper),local:../../Papers/Quantum circuit realization and Grover cryptanalysis of the hybrid ARX-SPN cipher GFSPX.pdf,https://doi.org/10.1088/1402-4896/ae0f4f,M6,Faculty paper: the template for costing an uncosted cipher found inside apps.
G07,Grover and cost accounting,2009,Bernstein,Cost analysis of hash collisions: Will quantum computers make SHARCS obsolete?,SHARCS 2009 (faculty paper),local:../../Papers/Cost analysis of hash collisions Will quantum computers make SHARCS obsolete.pdf,https://cr.yp.to/papers.html#collisioncost,"M2, G11",Faculty paper: count hardware x time honestly; the cost-accounting stance of M1/M2.
H01,Migration and notification,2024,"Nather, Herzinger, Gazdag, Steghofer, Daum, Loebenberger",Migrating Software Systems towards Post-Quantum-Cryptography: A Systematic Literature Review,arXiv:2404.12854,https://arxiv.org/pdf/2404.12854,https://arxiv.org/abs/2404.12854,"G13, G14",What the migration literature says blocks organisations (the 'why' behind any gap N1 finds).
H02,Migration and notification,2024,"Nather, Herzinger, Steghofer, Gazdag, Hirsch, Loebenberger",Toward a Common Understanding of Cryptographic Agility: A Systematic Review,arXiv:2411.08781,https://arxiv.org/pdf/2411.08781,https://arxiv.org/abs/2411.08781,"G1, G14",Crypto-agility definitions; frames 'who can switch the group' (OS vs framework vs app).
H03,Migration and notification,2016,"Li, Durumeric, Czyz, Karami, Bailey, McCoy, Savage, Paxson",You've Got Vulnerability: Exploring Effective Vulnerability Notifications,USENIX Security 2016,https://www.usenix.org/system/files/conference/usenixsecurity16/sec16_paper_li.pdf,https://www.usenix.org/conference/usenixsecurity16/technical-sessions/presentation/li,G13,Randomised notification experiment design and effect sizes for G13.
